timestamp,user,source_ip,action
2025-10-22T08:00:05,charlie.w,10.0.1.10,Success
2025-10-22T08:00:25,jane.s,10.0.1.55,Success
2025-10-22T08:01:00,bob.d,10.0.1.45,Success
2025-10-22T08:02:55,charlie.w,10.0.1.10,Success
2025-10-22T08:03:40,alice.p,10.0.1.23,Success
2025-10-22T08:04:35,jane.s,10.0.1.55,Success
2025-10-22T08:06:45,jane.s,10.0.1.55,Success
2025-10-22T08:09:05,bob.d,10.0.1.45,Success
2025-10-22T08:09:55,alice.p,10.0.1.23,Success
2025-10-22T08:10:10,bob.d,10.0.1.45,Success
2025-10-22T08:13:10,jane.s,10.0.1.55,Success
2025-10-22T08:14:10,bob.d,10.0.1.45,Success
2025-10-22T08:18:10,charlie.w,10.0.1.10,Success
2025-10-22T08:18:30,alice.p,10.0.1.23,Success
2025-10-22T08:18:55,alice.p,10.0.1.23,Success
2025-10-22T08:20:05,bob.d,10.0.1.45,Success
2025-10-22T08:21:30,bob.d,10.0.1.45,Success
2025-10-22T08:21:35,charlie.w,10.0.1.10,Success
2025-10-22T08:22:00,alice.p,10.0.1.23,Success
2025-10-22T08:22:20,jane.s,10.0.1.55,Success
2025-10-22T08:22:40,charlie.w,10.0.1.10,Success
2025-10-22T08:22:50,alice.p,10.0.1.23,Success
2025-10-22T08:23:55,jane.s,10.0.1.55,Success
2025-10-22T08:24:35,charlie.w,10.0.1.10,Success
2025-10-22T08:24:50,bob.d,10.0.1.45,Success
2025-10-22T08:25:45,bob.d,10.0.1.45,Success
2025-10-22T08:27:30,jane.s,10.0.1.55,Success
2025-10-22T08:28:00,charlie.w,10.0.1.10,Success
2025-10-22T08:28:40,charlie.w,10.0.1.10,Success
2025-10-22T08:29:00,jane.s,10.0.1.55,Success
2025-10-22T08:29:35,bob.d,10.0.1.45,Success
2025-10-22T08:30:01,jane.s,185.19.20.21,Failed Login
2025-10-22T08:30:06,jane.s,185.19.20.21,Failed Login
2025-10-22T08:30:11,jane.s,185.19.20.21,Failed Login
2025-10-22T08:30:16,jane.s,185.19.20.21,Failed Login
2025-10-22T08:30:21,jane.s,185.19.20.21,Failed Login
2025-10-22T08:30:26,jane.s,185.19.20.21,Failed Login
2025-10-22T08:30:31,jane.s,185.19.20.21,Failed Login
2025-10-22T08:30:36,jane.s,185.19.20.21,Failed Login
2025-10-22T08:30:41,jane.s,185.19.20.21,Failed Login
2025-10-22T08:30:46,jane.s,185.19.20.21,Failed Login
2025-10-22T08:30:51,jane.s,185.19.20.21,Failed Login
2025-10-22T08:30:55,bob.d,10.0.1.45,Success
2025-10-22T08:30:56,jane.s,185.19.20.21,Failed Login
2025-10-22T08:31:01,jane.s,185.19.20.21,Failed Login
2025-10-22T08:31:06,jane.s,185.19.20.21,Failed Login
2025-10-22T08:31:11,jane.s,185.19.20.21,Failed Login
2025-10-22T08:31:16,jane.s,185.19.20.21,Failed Login
2025-10-22T08:31:21,jane.s,185.19.20.21,Failed Login
2025-10-22T08:31:25,charlie.w,10.0.1.10,Success
2025-10-22T08:31:26,jane.s,185.19.20.21,Failed Login
2025-10-22T08:31:31,jane.s,185.19.20.21,Failed Login
2025-10-22T08:31:36,jane.s,185.19.20.21,Failed Login
2025-10-22T08:31:40,bob.d,10.0.1.45,Success
2025-10-22T08:31:41,jane.s,185.19.20.21,Failed Login
2025-10-22T08:31:46,jane.s,185.19.20.21,Failed Login
2025-10-22T08:31:51,jane.s,185.19.20.21,Failed Login
2025-10-22T08:31:56,jane.s,185.19.20.21,Failed Login
2025-10-22T08:32:01,jane.s,185.19.20.21,Failed Login
2025-10-22T08:32:06,jane.s,185.19.20.21,Failed Login
2025-10-22T08:32:10,bob.d,10.0.1.45,Success
2025-10-22T08:32:11,jane.s,185.19.20.21,Failed Login
2025-10-22T08:32:16,jane.s,185.19.20.21,Failed Login
2025-10-22T08:32:21,jane.s,185.19.20.21,Failed Login
2025-10-22T08:32:26,jane.s,185.19.20.21,Failed Login
2025-10-22T08:32:31,jane.s,185.19.20.21,Failed Login
2025-10-22T08:32:36,jane.s,185.19.20.21,Failed Login
2025-10-22T08:32:41,jane.s,185.19.20.21,Failed Login
2025-10-22T08:32:46,jane.s,185.19.20.21,Failed Login
2025-10-22T08:32:50,alice.p,10.0.1.23,Success
2025-10-22T08:32:51,jane.s,185.19.20.21,Failed Login
2025-10-22T08:32:56,jane.s,185.19.20.21,Failed Login
2025-10-22T08:33:01,jane.s,185.19.20.21,Failed Login
2025-10-22T08:33:06,jane.s,185.19.20.21,Failed Login
2025-10-22T08:33:11,jane.s,185.19.20.21,Failed Login
2025-10-22T08:33:16,jane.s,185.19.20.21,Failed Login
2025-10-22T08:33:21,jane.s,185.19.20.21,Failed Login
2025-10-22T08:33:26,jane.s,185.19.20.21,Failed Login
2025-10-22T08:33:31,jane.s,185.19.20.21,Failed Login
2025-10-22T08:33:36,jane.s,185.19.20.21,Failed Login
2025-10-22T08:33:41,jane.s,185.19.20.21,Failed Login
2025-10-22T08:33:46,jane.s,185.19.20.21,Failed Login
2025-10-22T08:33:51,jane.s,185.19.20.21,Failed Login
2025-10-22T08:33:56,jane.s,185.19.20.21,Failed Login
2025-10-22T08:34:01,jane.s,185.19.20.21,Failed Login
2025-10-22T08:34:06,jane.s,185.19.20.21,Failed Login
2025-10-22T08:34:11,jane.s,185.19.20.21,Failed Login
2025-10-22T08:34:16,jane.s,185.19.20.21,Failed Login
2025-10-22T08:34:21,jane.s,185.19.20.21,Failed Login
2025-10-22T08:34:26,jane.s,185.19.20.21,Failed Login
2025-10-22T08:34:31,jane.s,185.19.20.21,Failed Login
2025-10-22T08:34:35,bob.d,10.0.1.45,Success
2025-10-22T08:34:36,jane.s,185.19.20.21,Failed Login
2025-10-22T08:34:41,jane.s,185.19.20.21,Failed Login
2025-10-22T08:34:46,jane.s,185.19.20.21,Failed Login
2025-10-22T08:34:50,jane.s,10.0.1.55,Success
2025-10-22T08:34:51,jane.s,185.19.20.21,Failed Login
2025-10-22T08:34:56,jane.s,185.19.20.21,Failed Login
2025-10-22T08:35:00,bob.d,10.0.1.45,Success
2025-10-22T08:35:01,jane.s,185.19.20.21,Failed Login
2025-10-22T08:35:06,jane.s,185.19.20.21,Failed Login
2025-10-22T08:35:11,jane.s,185.19.20.21,Failed Login
2025-10-22T08:35:16,jane.s,185.19.20.21,Failed Login
2025-10-22T08:35:20,bob.d,10.0.1.45,Success
2025-10-22T08:35:21,jane.s,185.19.20.21,Failed Login
2025-10-22T08:35:26,jane.s,185.19.20.21,Failed Login
2025-10-22T08:35:31,jane.s,185.19.20.21,Failed Login
2025-10-22T08:35:36,jane.s,185.19.20.21,Failed Login
2025-10-22T08:35:41,jane.s,185.19.20.21,Failed Login
2025-10-22T08:35:46,jane.s,185.19.20.21,Failed Login
2025-10-22T08:35:51,jane.s,185.19.20.21,Failed Login
2025-10-22T08:35:56,jane.s,185.19.20.21,Failed Login
2025-10-22T08:36:01,jane.s,185.19.20.21,Failed Login
2025-10-22T08:36:05,alice.p,10.0.1.23,Success
2025-10-22T08:36:06,jane.s,185.19.20.21,Failed Login
2025-10-22T08:36:11,jane.s,185.19.20.21,Failed Login
2025-10-22T08:36:16,jane.s,185.19.20.21,Failed Login
2025-10-22T08:36:21,jane.s,185.19.20.21,Failed Login
2025-10-22T08:36:26,jane.s,185.19.20.21,Failed Login
2025-10-22T08:36:30,alice.p,10.0.1.23,Success
2025-10-22T08:36:31,jane.s,185.19.20.21,Failed Login
2025-10-22T08:36:36,jane.s,185.19.20.21,Failed Login
2025-10-22T08:36:41,jane.s,185.19.20.21,Failed Login
2025-10-22T08:36:46,jane.s,185.19.20.21,Failed Login
2025-10-22T08:36:51,jane.s,185.19.20.21,Failed Login
2025-10-22T08:36:56,jane.s,185.19.20.21,Failed Login
2025-10-22T08:37:00,alice.p,10.0.1.23,Success
2025-10-22T08:37:01,jane.s,185.19.20.21,Failed Login
2025-10-22T08:37:05,jane.s,10.0.1.55,Success
2025-10-22T08:37:06,jane.s,185.19.20.21,Failed Login
2025-10-22T08:37:11,jane.s,185.19.20.21,Failed Login
2025-10-22T08:37:16,jane.s,185.19.20.21,Failed Login
2025-10-22T08:37:21,jane.s,185.19.20.21,Failed Login
2025-10-22T08:37:25,bob.d,10.0.1.45,Success
2025-10-22T08:37:26,jane.s,185.19.20.21,Failed Login
2025-10-22T08:37:31,jane.s,185.19.20.21,Failed Login
2025-10-22T08:37:36,jane.s,185.19.20.21,Failed Login
2025-10-22T08:37:40,bob.d,10.0.1.45,Success
2025-10-22T08:37:41,jane.s,185.19.20.21,Failed Login
2025-10-22T08:37:45,alice.p,10.0.1.23,Success
2025-10-22T08:37:46,jane.s,185.19.20.21,Failed Login
2025-10-22T08:37:51,jane.s,185.19.20.21,Failed Login
2025-10-22T08:37:56,jane.s,185.19.20.21,Failed Login
2025-10-22T08:38:01,jane.s,185.19.20.21,Failed Login
2025-10-22T08:38:06,jane.s,185.19.20.21,Failed Login
2025-10-22T08:38:11,jane.s,185.19.20.21,Failed Login
2025-10-22T08:38:16,jane.s,185.19.20.21,Failed Login
2025-10-22T08:38:21,jane.s,185.19.20.21,Failed Login
2025-10-22T08:38:26,jane.s,185.19.20.21,Failed Login
2025-10-22T08:38:31,jane.s,185.19.20.21,Failed Login
2025-10-22T08:38:36,jane.s,185.19.20.21,Failed Login
2025-10-22T08:38:41,jane.s,185.19.20.21,Failed Login
2025-10-22T08:38:46,jane.s,185.19.20.21,Failed Login
2025-10-22T08:38:51,jane.s,185.19.20.21,Failed Login
2025-10-22T08:38:56,jane.s,185.19.20.21,Failed Login
2025-10-22T08:39:01,jane.s,185.19.20.21,Failed Login
2025-10-22T08:39:05,jane.s,10.0.1.55,Success
2025-10-22T08:39:06,jane.s,185.19.20.21,Failed Login
2025-10-22T08:39:10,alice.p,10.0.1.23,Success
2025-10-22T08:39:11,jane.s,185.19.20.21,Failed Login
2025-10-22T08:39:16,jane.s,185.19.20.21,Failed Login
2025-10-22T08:39:21,jane.s,185.19.20.21,Failed Login
2025-10-22T08:39:26,jane.s,185.19.20.21,Failed Login
2025-10-22T08:39:31,jane.s,185.19.20.21,Failed Login
2025-10-22T08:39:36,jane.s,185.19.20.21,Failed Login
2025-10-22T08:39:41,jane.s,185.19.20.21,Failed Login
2025-10-22T08:39:46,jane.s,185.19.20.21,Failed Login
2025-10-22T08:39:51,jane.s,185.19.20.21,Failed Login
2025-10-22T08:39:55,bob.d,10.0.1.45,Success
2025-10-22T08:39:56,jane.s,185.19.20.21,Failed Login
2025-10-22T08:40:01,jane.s,185.19.20.21,Failed Login
2025-10-22T08:40:05,alice.p,10.0.1.23,Success
2025-10-22T08:40:06,jane.s,185.19.20.21,Failed Login
2025-10-22T08:40:11,jane.s,185.19.20.21,Failed Login
2025-10-22T08:40:16,jane.s,185.19.20.21,Failed Login
2025-10-22T08:40:20,bob.d,10.0.1.45,Success
2025-10-22T08:40:21,jane.s,185.19.20.21,Failed Login
2025-10-22T08:40:26,jane.s,185.19.20.21,Failed Login
2025-10-22T08:40:31,jane.s,185.19.20.21,Failed Login
2025-10-22T08:40:36,jane.s,185.19.20.21,Failed Login
2025-10-22T08:40:41,jane.s,185.19.20.21,Failed Login
2025-10-22T08:40:46,jane.s,185.19.20.21,Failed Login
2025-10-22T08:40:51,jane.s,185.19.20.21,Failed Login
2025-10-22T08:40:56,jane.s,185.19.20.21,Failed Login
2025-10-22T08:41:01,jane.s,185.19.20.21,Failed Login
2025-10-22T08:41:06,jane.s,185.19.20.21,Failed Login
2025-10-22T08:41:11,jane.s,185.19.20.21,Failed Login
2025-10-22T08:41:16,jane.s,185.19.20.21,Failed Login
2025-10-22T08:41:21,jane.s,185.19.20.21,Failed Login
2025-10-22T08:41:25,bob.d,10.0.1.45,Success
2025-10-22T08:41:26,jane.s,185.19.20.21,Failed Login
2025-10-22T08:41:31,jane.s,185.19.20.21,Failed Login
2025-10-22T08:41:36,jane.s,185.19.20.21,Failed Login
2025-10-22T08:41:41,jane.s,185.19.20.21,Failed Login
2025-10-22T08:41:46,jane.s,185.19.20.21,Failed Login
2025-10-22T08:41:51,jane.s,185.19.20.21,Failed Login
2025-10-22T08:41:56,jane.s,185.19.20.21,Failed Login
2025-10-22T08:42:01,jane.s,185.19.20.21,Failed Login
2025-10-22T08:42:06,jane.s,185.19.20.21,Failed Login
2025-10-22T08:42:11,jane.s,185.19.20.21,Failed Login
2025-10-22T08:42:16,jane.s,185.19.20.21,Failed Login
2025-10-22T08:42:21,jane.s,185.19.20.21,Failed Login
2025-10-22T08:42:26,jane.s,185.19.20.21,Failed Login
2025-10-22T08:42:31,jane.s,185.19.20.21,Failed Login
2025-10-22T08:42:36,jane.s,185.19.20.21,Failed Login
2025-10-22T08:42:41,jane.s,185.19.20.21,Failed Login
2025-10-22T08:42:46,jane.s,185.19.20.21,Failed Login
2025-10-22T08:42:51,jane.s,185.19.20.21,Failed Login
2025-10-22T08:42:56,jane.s,185.19.20.21,Failed Login
2025-10-22T08:43:01,jane.s,185.19.20.21,Failed Login
2025-10-22T08:43:06,jane.s,185.19.20.21,Failed Login
2025-10-22T08:43:11,jane.s,185.19.20.21,Failed Login
2025-10-22T08:43:16,jane.s,185.19.20.21,Failed Login
2025-10-22T08:43:20,bob.d,10.0.1.45,Success
2025-10-22T08:43:21,jane.s,185.19.20.21,Failed Login
2025-10-22T08:43:26,jane.s,185.19.20.21,Failed Login
2025-10-22T08:43:31,jane.s,185.19.20.21,Failed Login
2025-10-22T08:43:36,jane.s,185.19.20.21,Failed Login
2025-10-22T08:43:41,jane.s,185.19.20.21,Failed Login
2025-10-22T08:43:45,charlie.w,10.0.1.10,Success
2025-10-22T08:43:46,jane.s,185.19.20.21,Failed Login
2025-10-22T08:43:51,jane.s,185.19.20.21,Failed Login
2025-10-22T08:43:55,jane.s,10.0.1.55,Success
2025-10-22T08:43:56,jane.s,185.19.20.21,Failed Login
2025-10-22T08:44:01,jane.s,185.19.20.21,Failed Login
2025-10-22T08:44:06,jane.s,185.19.20.21,Failed Login
2025-10-22T08:44:11,jane.s,185.19.20.21,Failed Login
2025-10-22T08:44:16,jane.s,185.19.20.21,Failed Login
2025-10-22T08:44:21,jane.s,185.19.20.21,Failed Login
2025-10-22T08:44:26,jane.s,185.19.20.21,Failed Login
2025-10-22T08:44:31,jane.s,185.19.20.21,Failed Login
2025-10-22T08:44:36,jane.s,185.19.20.21,Failed Login
2025-10-22T08:44:41,jane.s,185.19.20.21,Failed Login
2025-10-22T08:44:46,jane.s,185.19.20.21,Failed Login
2025-10-22T08:44:51,jane.s,185.19.20.21,Failed Login
2025-10-22T08:44:56,jane.s,185.19.20.21,Failed Login
2025-10-22T08:45:01,jane.s,185.19.20.21,Failed Login
2025-10-22T08:45:06,jane.s,185.19.20.21,Failed Login
2025-10-22T08:45:11,jane.s,185.19.20.21,Failed Login
2025-10-22T08:45:16,jane.s,185.19.20.21,Failed Login
2025-10-22T08:45:21,jane.s,185.19.20.21,Failed Login
2025-10-22T08:45:26,jane.s,185.19.20.21,Failed Login
2025-10-22T08:45:31,jane.s,185.19.20.21,Failed Login
2025-10-22T08:45:35,alice.p,10.0.1.23,Success
2025-10-22T08:45:36,jane.s,185.19.20.21,Failed Login
2025-10-22T08:45:41,jane.s,185.19.20.21,Failed Login
2025-10-22T08:45:46,jane.s,185.19.20.21,Failed Login
2025-10-22T08:45:51,jane.s,185.19.20.21,Failed Login
2025-10-22T08:45:56,jane.s,185.19.20.21,Failed Login
2025-10-22T08:46:01,jane.s,185.19.20.21,Failed Login
2025-10-22T08:46:06,jane.s,185.19.20.21,Failed Login
2025-10-22T08:46:11,jane.s,185.19.20.21,Failed Login
2025-10-22T08:46:16,jane.s,185.19.20.21,Failed Login
2025-10-22T08:46:21,jane.s,185.19.20.21,Failed Login
2025-10-22T08:46:26,jane.s,185.19.20.21,Failed Login
2025-10-22T08:46:31,jane.s,185.19.20.21,Failed Login
2025-10-22T08:46:36,jane.s,185.19.20.21,Failed Login
2025-10-22T08:46:41,jane.s,185.19.20.21,Failed Login
2025-10-22T08:46:46,jane.s,185.19.20.21,Failed Login
2025-10-22T08:46:51,jane.s,185.19.20.21,Failed Login
2025-10-22T08:46:55,bob.d,10.0.1.45,Success
2025-10-22T08:46:56,jane.s,185.19.20.21,Failed Login
2025-10-22T08:47:00,charlie.w,10.0.1.10,Success
2025-10-22T08:47:01,jane.s,185.19.20.21,Failed Login
2025-10-22T08:47:05,alice.p,10.0.1.23,Success
2025-10-22T08:47:06,jane.s,185.19.20.21,Failed Login
2025-10-22T08:47:11,jane.s,185.19.20.21,Failed Login
2025-10-22T08:47:15,jane.s,10.0.1.55,Success
2025-10-22T08:47:16,jane.s,185.19.20.21,Failed Login
2025-10-22T08:47:21,jane.s,185.19.20.21,Failed Login
2025-10-22T08:47:26,jane.s,185.19.20.21,Failed Login
2025-10-22T08:47:31,jane.s,185.19.20.21,Failed Login
2025-10-22T08:47:36,jane.s,185.19.20.21,Failed Login
2025-10-22T08:47:41,jane.s,185.19.20.21,Failed Login
2025-10-22T08:47:46,jane.s,185.19.20.21,Failed Login
2025-10-22T08:47:51,jane.s,185.19.20.21,Failed Login
2025-10-22T08:47:55,alice.p,10.0.1.23,Success
2025-10-22T08:47:56,jane.s,185.19.20.21,Failed Login
2025-10-22T08:48:01,jane.s,185.19.20.21,Failed Login
2025-10-22T08:48:06,jane.s,185.19.20.21,Failed Login
2025-10-22T08:48:11,jane.s,185.19.20.21,Failed Login
2025-10-22T08:48:16,jane.s,185.19.20.21,Failed Login
2025-10-22T08:48:21,jane.s,185.19.20.21,Failed Login
2025-10-22T08:48:25,alice.p,10.0.1.23,Success
2025-10-22T08:48:26,jane.s,185.19.20.21,Failed Login
2025-10-22T08:48:31,jane.s,185.19.20.21,Failed Login
2025-10-22T08:48:36,jane.s,185.19.20.21,Failed Login
2025-10-22T08:48:41,jane.s,185.19.20.21,Failed Login
2025-10-22T08:48:46,jane.s,185.19.20.21,Failed Login
2025-10-22T08:48:51,jane.s,185.19.20.21,Failed Login
2025-10-22T08:48:56,jane.s,185.19.20.21,Failed Login
2025-10-22T08:49:01,jane.s,185.19.20.21,Failed Login
2025-10-22T08:49:06,jane.s,185.19.20.21,Failed Login
2025-10-22T08:49:11,jane.s,185.19.20.21,Failed Login
2025-10-22T08:49:16,jane.s,185.19.20.21,Failed Login
2025-10-22T08:49:21,jane.s,185.19.20.21,Failed Login
2025-10-22T08:49:26,jane.s,185.19.20.21,Failed Login
2025-10-22T08:49:31,jane.s,185.19.20.21,Failed Login
2025-10-22T08:49:36,jane.s,185.19.20.21,Failed Login
2025-10-22T08:49:41,jane.s,185.19.20.21,Failed Login
2025-10-22T08:49:46,jane.s,185.19.20.21,Failed Login
2025-10-22T08:49:51,jane.s,185.19.20.21,Failed Login
2025-10-22T08:49:56,jane.s,185.19.20.21,Failed Login
2025-10-22T08:50:01,jane.s,185.19.20.21,Failed Login
2025-10-22T08:50:06,jane.s,185.19.20.21,Failed Login
2025-10-22T08:50:11,jane.s,185.19.20.21,Failed Login
2025-10-22T08:50:16,jane.s,185.19.20.21,Failed Login
2025-10-22T08:50:21,jane.s,185.19.20.21,Failed Login
2025-10-22T08:50:25,charlie.w,10.0.1.10,Success
2025-10-22T08:50:26,jane.s,185.19.20.21,Failed Login
2025-10-22T08:50:31,jane.s,185.19.20.21,Failed Login
2025-10-22T08:50:36,jane.s,185.19.20.21,Failed Login
2025-10-22T08:50:41,jane.s,185.19.20.21,Failed Login
2025-10-22T08:50:45,charlie.w,10.0.1.10,Success
2025-10-22T08:50:46,jane.s,185.19.20.21,Failed Login
2025-10-22T08:50:51,jane.s,185.19.20.21,Failed Login
2025-10-22T08:50:56,jane.s,185.19.20.21,Failed Login
2025-10-22T08:51:01,jane.s,185.19.20.21,Failed Login
2025-10-22T08:51:06,jane.s,185.19.20.21,Failed Login
2025-10-22T08:51:11,jane.s,185.19.20.21,Failed Login
2025-10-22T08:51:16,jane.s,185.19.20.21,Failed Login
2025-10-22T08:51:21,jane.s,185.19.20.21,Failed Login
2025-10-22T08:51:26,jane.s,185.19.20.21,Failed Login
2025-10-22T08:51:31,jane.s,185.19.20.21,Failed Login
2025-10-22T08:51:36,jane.s,185.19.20.21,Failed Login
2025-10-22T08:51:41,jane.s,185.19.20.21,Failed Login
2025-10-22T08:51:46,jane.s,185.19.20.21,Failed Login
2025-10-22T08:51:51,jane.s,185.19.20.21,Failed Login
2025-10-22T08:51:56,jane.s,185.19.20.21,Failed Login
2025-10-22T08:52:01,jane.s,185.19.20.21,Failed Login
2025-10-22T08:52:06,jane.s,185.19.20.21,Failed Login
2025-10-22T08:52:11,jane.s,185.19.20.21,Failed Login
2025-10-22T08:52:16,jane.s,185.19.20.21,Failed Login
2025-10-22T08:52:21,jane.s,185.19.20.21,Failed Login
2025-10-22T08:52:26,jane.s,185.19.20.21,Failed Login
2025-10-22T08:52:31,jane.s,185.19.20.21,Failed Login
2025-10-22T08:52:35,alice.p,10.0.1.23,Success
2025-10-22T08:52:36,jane.s,185.19.20.21,Failed Login
2025-10-22T08:52:41,jane.s,185.19.20.21,Failed Login
2025-10-22T08:52:45,alice.p,10.0.1.23,Success
2025-10-22T08:52:46,jane.s,185.19.20.21,Failed Login
2025-10-22T08:52:51,jane.s,185.19.20.21,Failed Login
2025-10-22T08:52:56,jane.s,185.19.20.21,Failed Login
2025-10-22T08:53:01,jane.s,185.19.20.21,Failed Login
2025-10-22T08:53:06,jane.s,185.19.20.21,Failed Login
2025-10-22T08:53:11,jane.s,185.19.20.21,Failed Login
2025-10-22T08:53:16,jane.s,185.19.20.21,Failed Login
2025-10-22T08:53:21,jane.s,185.19.20.21,Failed Login
2025-10-22T08:53:26,jane.s,185.19.20.21,Failed Login
2025-10-22T08:53:31,jane.s,185.19.20.21,Failed Login
2025-10-22T08:53:36,jane.s,185.19.20.21,Failed Login
2025-10-22T08:53:41,jane.s,185.19.20.21,Failed Login
2025-10-22T08:53:46,jane.s,185.19.20.21,Failed Login
2025-10-22T08:53:51,jane.s,185.19.20.21,Failed Login
2025-10-22T08:53:56,jane.s,185.19.20.21,Failed Login
2025-10-22T08:54:01,jane.s,185.19.20.21,Failed Login
2025-10-22T08:54:06,jane.s,185.19.20.21,Failed Login
2025-10-22T08:54:11,jane.s,185.19.20.21,Failed Login
2025-10-22T08:54:16,jane.s,185.19.20.21,Failed Login
2025-10-22T08:54:21,jane.s,185.19.20.21,Failed Login
2025-10-22T08:54:26,jane.s,185.19.20.21,Failed Login
2025-10-22T08:54:31,jane.s,185.19.20.21,Failed Login
2025-10-22T08:54:36,jane.s,185.19.20.21,Failed Login
2025-10-22T08:54:41,jane.s,185.19.20.21,Failed Login
2025-10-22T08:54:46,jane.s,185.19.20.21,Failed Login
2025-10-22T08:54:51,jane.s,185.19.20.21,Failed Login
2025-10-22T08:54:56,jane.s,185.19.20.21,Failed Login
2025-10-22T08:55:00,alice.p,10.0.1.23,Success
2025-10-22T08:55:01,jane.s,185.19.20.21,Failed Login
2025-10-22T08:55:06,jane.s,185.19.20.21,Failed Login
2025-10-22T08:55:11,jane.s,185.19.20.21,Failed Login
2025-10-22T08:55:16,jane.s,185.19.20.21,Failed Login
2025-10-22T08:55:21,jane.s,185.19.20.21,Failed Login
2025-10-22T08:55:26,jane.s,185.19.20.21,Failed Login
2025-10-22T08:55:31,jane.s,185.19.20.21,Failed Login
2025-10-22T08:55:36,jane.s,185.19.20.21,Failed Login
2025-10-22T08:55:41,jane.s,185.19.20.21,Failed Login
2025-10-22T08:55:46,jane.s,185.19.20.21,Failed Login
2025-10-22T08:55:51,jane.s,185.19.20.21,Failed Login
2025-10-22T08:55:56,jane.s,185.19.20.21,Failed Login
2025-10-22T08:56:00,bob.d,10.0.1.45,Success
2025-10-22T08:56:01,jane.s,185.19.20.21,Failed Login
2025-10-22T08:56:06,jane.s,185.19.20.21,Failed Login
2025-10-22T08:56:11,jane.s,185.19.20.21,Failed Login
2025-10-22T08:56:16,jane.s,185.19.20.21,Failed Login
2025-10-22T08:56:21,jane.s,185.19.20.21,Failed Login
2025-10-22T08:56:25,jane.s,10.0.1.55,Success
2025-10-22T08:56:26,jane.s,185.19.20.21,Failed Login
2025-10-22T08:56:31,jane.s,185.19.20.21,Failed Login
2025-10-22T08:56:36,jane.s,185.19.20.21,Failed Login
2025-10-22T08:56:41,jane.s,185.19.20.21,Failed Login
2025-10-22T08:56:46,jane.s,185.19.20.21,Failed Login
2025-10-22T08:56:51,jane.s,185.19.20.21,Failed Login
2025-10-22T08:56:56,jane.s,185.19.20.21,Failed Login
2025-10-22T08:57:00,bob.d,10.0.1.45,Success
2025-10-22T08:57:01,jane.s,185.19.20.21,Failed Login
2025-10-22T08:57:06,jane.s,185.19.20.21,Failed Login
2025-10-22T08:57:11,jane.s,185.19.20.21,Failed Login
2025-10-22T08:57:16,jane.s,185.19.20.21,Failed Login
2025-10-22T08:57:21,jane.s,185.19.20.21,Failed Login
2025-10-22T08:57:26,jane.s,185.19.20.21,Failed Login
2025-10-22T08:57:31,jane.s,185.19.20.21,Failed Login
2025-10-22T08:57:36,jane.s,185.19.20.21,Failed Login
2025-10-22T08:57:41,jane.s,185.19.20.21,Failed Login
2025-10-22T08:57:46,jane.s,185.19.20.21,Failed Login
2025-10-22T08:57:51,jane.s,185.19.20.21,Failed Login
2025-10-22T08:57:56,jane.s,185.19.20.21,Failed Login
2025-10-22T08:58:01,jane.s,185.19.20.21,Failed Login
2025-10-22T08:58:06,jane.s,185.19.20.21,Failed Login
2025-10-22T08:58:11,jane.s,185.19.20.21,Failed Login
2025-10-22T08:58:16,jane.s,185.19.20.21,Failed Login
2025-10-22T08:58:21,jane.s,185.19.20.21,Failed Login
2025-10-22T08:58:26,jane.s,185.19.20.21,Failed Login
2025-10-22T08:58:31,jane.s,185.19.20.21,Failed Login
2025-10-22T08:58:36,jane.s,185.19.20.21,Failed Login
2025-10-22T08:58:41,jane.s,185.19.20.21,Failed Login
2025-10-22T08:58:46,jane.s,185.19.20.21,Failed Login
2025-10-22T08:58:50,charlie.w,10.0.1.10,Success
2025-10-22T08:58:51,jane.s,185.19.20.21,Failed Login
2025-10-22T08:58:56,jane.s,185.19.20.21,Failed Login
2025-10-22T08:59:01,jane.s,185.19.20.21,Failed Login
2025-10-22T08:59:06,jane.s,185.19.20.21,Failed Login
2025-10-22T08:59:11,jane.s,185.19.20.21,Failed Login
2025-10-22T08:59:16,jane.s,185.19.20.21,Failed Login
2025-10-22T08:59:21,jane.s,185.19.20.21,Failed Login
2025-10-22T08:59:26,jane.s,185.19.20.21,Failed Login
2025-10-22T08:59:31,jane.s,185.19.20.21,Failed Login
2025-10-22T08:59:36,jane.s,185.19.20.21,Failed Login
2025-10-22T08:59:41,jane.s,185.19.20.21,Failed Login
2025-10-22T08:59:45,jane.s,10.0.1.55,Success
2025-10-22T08:59:46,jane.s,185.19.20.21,Failed Login
2025-10-22T08:59:51,jane.s,185.19.20.21,Failed Login
2025-10-22T08:59:56,jane.s,185.19.20.21,Failed Login
2025-10-22T09:00:00,charlie.w,10.0.1.10,Success
2025-10-22T09:01:00,jane.s,185.19.20.21,Success
2025-10-22T09:02:35,bob.d,10.0.1.45,Success
2025-10-22T09:03:15,bob.d,10.0.1.45,Success
2025-10-22T09:05:50,jane.s,10.0.1.55,Success
2025-10-22T09:06:05,jane.s,10.0.1.55,Success
2025-10-22T09:06:10,bob.d,10.0.1.45,Success
2025-10-22T09:06:15,jane.s,10.0.1.55,Success
2025-10-22T09:06:30,alice.p,10.0.1.23,Success
2025-10-22T09:06:45,alice.p,10.0.1.23,Success
2025-10-22T09:07:15,charlie.w,10.0.1.10,Success
2025-10-22T09:08:50,jane.s,10.0.1.55,Success
2025-10-22T09:09:20,bob.d,10.0.1.45,Success
2025-10-22T09:09:55,alice.p,10.0.1.23,Success
2025-10-22T09:10:20,alice.p,10.0.1.23,Success
2025-10-22T09:10:30,alice.p,10.0.1.23,Success
2025-10-22T09:10:55,jane.s,10.0.1.55,Success
2025-10-22T09:12:15,charlie.w,10.0.1.10,Success
2025-10-22T09:13:40,bob.d,10.0.1.45,Success
2025-10-22T09:14:00,charlie.w,10.0.1.10,Success
2025-10-22T09:14:05,jane.s,10.0.1.55,Success
2025-10-22T09:14:10,charlie.w,10.0.1.10,Success
2025-10-22T09:15:05,bob.d,10.0.1.45,Success
2025-10-22T09:15:20,jane.s,10.0.1.55,Success
2025-10-22T09:15:45,charlie.w,10.0.1.10,Success
2025-10-22T09:16:55,bob.d,10.0.1.45,Success
2025-10-22T09:17:10,bob.d,10.0.1.45,Success
2025-10-22T09:18:10,jane.s,10.0.1.55,Success
2025-10-22T09:18:50,bob.d,10.0.1.45,Success
2025-10-22T09:19:50,jane.s,10.0.1.55,Success
2025-10-22T09:20:15,jane.s,10.0.1.55,Success
2025-10-22T09:20:35,jane.s,10.0.1.55,Success
2025-10-22T09:21:05,charlie.w,10.0.1.10,Success
2025-10-22T09:21:35,bob.d,10.0.1.45,Success
2025-10-22T09:25:10,alice.p,10.0.1.23,Success
2025-10-22T09:28:00,alice.p,10.0.1.23,Success
2025-10-22T09:28:50,bob.d,10.0.1.45,Success
2025-10-22T09:29:10,alice.p,10.0.1.23,Success
2025-10-22T09:29:15,bob.d,10.0.1.45,Success
2025-10-22T09:30:45,charlie.w,10.0.1.10,Success
2025-10-22T09:34:50,alice.p,10.0.1.23,Success
2025-10-22T09:35:55,jane.s,10.0.1.55,Success
2025-10-22T09:36:30,alice.p,10.0.1.23,Success
2025-10-22T09:37:00,alice.p,10.0.1.23,Success
2025-10-22T09:37:10,bob.d,10.0.1.45,Success
2025-10-22T09:37:30,alice.p,10.0.1.23,Success
2025-10-22T09:37:35,charlie.w,10.0.1.10,Success
2025-10-22T09:39:35,jane.s,10.0.1.55,Success
2025-10-22T09:39:45,bob.d,10.0.1.45,Success
2025-10-22T09:40:00,alice.p,10.0.1.23,Success
2025-10-22T09:40:05,jane.s,10.0.1.55,Success
2025-10-22T09:40:25,charlie.w,10.0.1.10,Success
2025-10-22T09:40:50,jane.s,10.0.1.55,Success
2025-10-22T09:41:20,alice.p,10.0.1.23,Success
2025-10-22T09:42:00,jane.s,10.0.1.55,Success
2025-10-22T09:42:40,alice.p,10.0.1.23,Success
2025-10-22T09:42:45,bob.d,10.0.1.45,Success
2025-10-22T09:42:55,bob.d,10.0.1.45,Success
2025-10-22T09:44:45,bob.d,10.0.1.45,Success
2025-10-22T09:47:45,bob.d,10.0.1.45,Success
2025-10-22T09:47:55,bob.d,10.0.1.45,Success
2025-10-22T09:49:25,bob.d,10.0.1.45,Success
2025-10-22T09:50:40,charlie.w,10.0.1.10,Success
2025-10-22T09:50:45,bob.d,10.0.1.45,Success
2025-10-22T09:51:35,bob.d,10.0.1.45,Success
2025-10-22T09:52:20,jane.s,10.0.1.55,Success
2025-10-22T09:52:30,charlie.w,10.0.1.10,Success
2025-10-22T09:53:25,jane.s,10.0.1.55,Success
2025-10-22T09:53:35,charlie.w,10.0.1.10,Success
2025-10-22T09:53:50,jane.s,10.0.1.55,Success
2025-10-22T09:55:15,bob.d,10.0.1.45,Success
2025-10-22T09:58:30,bob.d,10.0.1.45,Success
2025-10-22T09:59:50,bob.d,10.0.1.45,Success
2025-10-22T10:00:15,alice.p,10.0.1.23,Success
2025-10-22T10:00:20,jane.s,10.0.1.55,Success
2025-10-22T10:01:05,jane.s,10.0.1.55,Success
2025-10-22T10:01:35,charlie.w,10.0.1.10,Success
2025-10-22T10:01:40,alice.p,10.0.1.23,Success
2025-10-22T10:02:50,bob.d,10.0.1.45,Success
2025-10-22T10:03:15,bob.d,10.0.1.45,Success
2025-10-22T10:05:05,jane.s,10.0.1.55,Success
2025-10-22T10:06:10,alice.p,10.0.1.23,Success
2025-10-22T10:07:25,bob.d,10.0.1.45,Success
2025-10-22T10:08:45,jane.s,10.0.1.55,Success
2025-10-22T10:09:05,jane.s,10.0.1.55,Success
2025-10-22T10:09:15,bob.d,10.0.1.45,Success
2025-10-22T10:09:30,alice.p,10.0.1.23,Success
2025-10-22T10:10:40,charlie.w,10.0.1.10,Success
2025-10-22T10:10:55,charlie.w,10.0.1.10,Success
2025-10-22T10:11:55,charlie.w,10.0.1.10,Success
2025-10-22T10:13:55,jane.s,10.0.1.55,Success
2025-10-22T10:15:40,alice.p,10.0.1.23,Success
2025-10-22T10:17:05,bob.d,10.0.1.45,Success
2025-10-22T10:18:40,charlie.w,10.0.1.10,Success
2025-10-22T10:19:15,bob.d,10.0.1.45,Success
2025-10-22T10:19:35,jane.s,10.0.1.55,Success
2025-10-22T10:21:30,charlie.w,10.0.1.10,Success
2025-10-22T10:22:10,charlie.w,10.0.1.10,Success
2025-10-22T10:23:30,alice.p,10.0.1.23,Success
2025-10-22T10:24:00,charlie.w,10.0.1.10,Success
2025-10-22T10:24:30,bob.d,10.0.1.45,Success
2025-10-22T10:24:55,bob.d,10.0.1.45,Success
2025-10-22T10:26:25,alice.p,10.0.1.23,Success
2025-10-22T10:29:40,jane.s,10.0.1.55,Success
2025-10-22T10:31:00,charlie.w,10.0.1.10,Success
2025-10-22T10:31:35,alice.p,10.0.1.23,Success
2025-10-22T10:31:55,jane.s,10.0.1.55,Success
2025-10-22T10:34:00,jane.s,10.0.1.55,Success
2025-10-22T10:35:40,jane.s,10.0.1.55,Success
2025-10-22T10:36:20,bob.d,10.0.1.45,Success
2025-10-22T10:38:30,charlie.w,10.0.1.10,Success
2025-10-22T10:40:10,jane.s,10.0.1.55,Success
2025-10-22T10:43:15,jane.s,10.0.1.55,Success
2025-10-22T10:43:55,charlie.w,10.0.1.10,Success
2025-10-22T10:46:00,alice.p,10.0.1.23,Success
2025-10-22T10:47:30,alice.p,10.0.1.23,Success
2025-10-22T10:49:10,bob.d,10.0.1.45,Success
2025-10-22T10:50:55,alice.p,10.0.1.23,Success
2025-10-22T10:51:25,jane.s,10.0.1.55,Success
2025-10-22T10:51:30,bob.d,10.0.1.45,Success
2025-10-22T10:51:35,alice.p,10.0.1.23,Success
2025-10-22T10:51:55,charlie.w,10.0.1.10,Success
2025-10-22T10:52:50,charlie.w,10.0.1.10,Success
2025-10-22T10:53:05,alice.p,10.0.1.23,Success
2025-10-22T10:54:10,bob.d,10.0.1.45,Success
2025-10-22T10:54:25,charlie.w,10.0.1.10,Success
2025-10-22T10:54:35,charlie.w,10.0.1.10,Success
2025-10-22T10:55:10,jane.s,10.0.1.55,Success
2025-10-22T10:57:25,alice.p,10.0.1.23,Success
2025-10-22T10:57:30,bob.d,10.0.1.45,Success
2025-10-22T10:57:35,alice.p,10.0.1.23,Success
2025-10-22T10:59:20,charlie.w,10.0.1.10,Success
2025-10-22T10:59:30,jane.s,10.0.1.55,Success
2025-10-22T11:00:00,charlie.w,10.0.1.10,Success
2025-10-22T11:01:50,jane.s,10.0.1.55,Success
2025-10-22T11:03:55,charlie.w,10.0.1.10,Success
2025-10-22T11:05:05,jane.s,10.0.1.55,Success
2025-10-22T11:05:35,alice.p,10.0.1.23,Success
2025-10-22T11:06:40,bob.d,10.0.1.45,Success
2025-10-22T11:07:55,alice.p,10.0.1.23,Success
2025-10-22T11:08:10,alice.p,10.0.1.23,Success
2025-10-22T11:09:05,jane.s,10.0.1.55,Success
2025-10-22T11:10:10,jane.s,10.0.1.55,Success
2025-10-22T11:10:25,alice.p,10.0.1.23,Success
2025-10-22T11:11:15,jane.s,10.0.1.55,Success
2025-10-22T11:11:25,alice.p,10.0.1.23,Success
2025-10-22T11:12:05,jane.s,10.0.1.55,Success
2025-10-22T11:12:20,bob.d,10.0.1.45,Success
2025-10-22T11:12:30,charlie.w,10.0.1.10,Success
2025-10-22T11:14:40,charlie.w,10.0.1.10,Success
2025-10-22T11:16:10,bob.d,10.0.1.45,Success
2025-10-22T11:17:20,bob.d,10.0.1.45,Success
2025-10-22T11:18:20,charlie.w,10.0.1.10,Success
2025-10-22T11:18:50,charlie.w,10.0.1.10,Success
2025-10-22T11:18:55,alice.p,10.0.1.23,Success
2025-10-22T11:19:50,charlie.w,10.0.1.10,Success
2025-10-22T11:21:10,alice.p,10.0.1.23,Success
2025-10-22T11:22:10,jane.s,10.0.1.55,Success
2025-10-22T11:22:20,jane.s,10.0.1.55,Success
2025-10-22T11:22:25,bob.d,10.0.1.45,Success
2025-10-22T11:22:35,alice.p,10.0.1.23,Success
2025-10-22T11:22:55,bob.d,10.0.1.45,Success
2025-10-22T11:23:15,charlie.w,10.0.1.10,Success
2025-10-22T11:25:30,charlie.w,10.0.1.10,Success
2025-10-22T11:25:50,jane.s,10.0.1.55,Success
2025-10-22T11:28:15,charlie.w,10.0.1.10,Success
2025-10-22T11:28:35,bob.d,10.0.1.45,Success
2025-10-22T11:28:45,jane.s,10.0.1.55,Success
2025-10-22T11:30:00,alice.p,10.0.1.23,Success
2025-10-22T11:30:40,jane.s,10.0.1.55,Success
2025-10-22T11:31:05,jane.s,10.0.1.55,Success
2025-10-22T11:31:35,jane.s,10.0.1.55,Success
2025-10-22T11:33:05,charlie.w,10.0.1.10,Success
2025-10-22T11:34:00,alice.p,10.0.1.23,Success
2025-10-22T11:34:40,alice.p,10.0.1.23,Success
2025-10-22T11:34:50,charlie.w,10.0.1.10,Success
2025-10-22T11:35:35,bob.d,10.0.1.45,Success
2025-10-22T11:35:45,bob.d,10.0.1.45,Success
2025-10-22T11:35:50,alice.p,10.0.1.23,Success
2025-10-22T11:36:40,bob.d,10.0.1.45,Success
2025-10-22T11:36:45,charlie.w,10.0.1.10,Success
2025-10-22T11:37:15,bob.d,10.0.1.45,Success
2025-10-22T11:38:15,jane.s,10.0.1.55,Success
2025-10-22T11:39:25,alice.p,10.0.1.23,Success
2025-10-22T11:42:10,alice.p,10.0.1.23,Success
2025-10-22T11:44:05,bob.d,10.0.1.45,Success
2025-10-22T11:45:00,jane.s,10.0.1.55,Success
2025-10-22T11:45:15,bob.d,10.0.1.45,Success
2025-10-22T11:45:30,jane.s,10.0.1.55,Success
2025-10-22T11:48:30,jane.s,10.0.1.55,Success
2025-10-22T11:49:40,alice.p,10.0.1.23,Success
2025-10-22T11:50:20,bob.d,10.0.1.45,Success
2025-10-22T11:50:45,alice.p,10.0.1.23,Success
2025-10-22T11:50:55,charlie.w,10.0.1.10,Success
2025-10-22T11:53:50,alice.p,10.0.1.23,Success
2025-10-22T11:54:15,alice.p,10.0.1.23,Success
2025-10-22T11:54:50,bob.d,10.0.1.45,Success
2025-10-22T11:56:05,jane.s,10.0.1.55,Success
2025-10-22T11:57:40,jane.s,10.0.1.55,Success
2025-10-22T11:58:15,bob.d,10.0.1.45,Success
2025-10-22T11:58:40,charlie.w,10.0.1.10,Success
2025-10-22T11:58:50,charlie.w,10.0.1.10,Success
2025-10-22T11:59:20,bob.d,10.0.1.45,Success
2025-10-22T12:00:20,alice.p,10.0.1.23,Success
2025-10-22T12:00:35,bob.d,10.0.1.45,Success
2025-10-22T12:00:50,jane.s,10.0.1.55,Success
2025-10-22T12:00:55,bob.d,10.0.1.45,Success
2025-10-22T12:02:00,charlie.w,10.0.1.10,Success
2025-10-22T12:02:05,bob.d,10.0.1.45,Success
2025-10-22T12:02:20,jane.s,10.0.1.55,Success
2025-10-22T12:03:00,jane.s,10.0.1.55,Success
2025-10-22T12:04:05,jane.s,10.0.1.55,Success
2025-10-22T12:04:40,bob.d,10.0.1.45,Success
2025-10-22T12:05:15,jane.s,10.0.1.55,Success
2025-10-22T12:06:35,alice.p,10.0.1.23,Success
2025-10-22T12:06:55,charlie.w,10.0.1.10,Success
2025-10-22T12:07:00,bob.d,10.0.1.45,Success
2025-10-22T12:07:15,alice.p,10.0.1.23,Success
2025-10-22T12:08:15,jane.s,10.0.1.55,Success
2025-10-22T12:08:55,bob.d,10.0.1.45,Success
2025-10-22T12:10:05,charlie.w,10.0.1.10,Success
2025-10-22T12:10:10,charlie.w,10.0.1.10,Success
2025-10-22T12:10:15,jane.s,10.0.1.55,Success
2025-10-22T12:10:30,charlie.w,10.0.1.10,Success
2025-10-22T12:12:20,jane.s,10.0.1.55,Success
2025-10-22T12:15:40,alice.p,10.0.1.23,Success
2025-10-22T12:17:50,alice.p,10.0.1.23,Success
2025-10-22T12:18:30,alice.p,10.0.1.23,Success
2025-10-22T12:18:35,bob.d,10.0.1.45,Success
2025-10-22T12:18:45,charlie.w,10.0.1.10,Success
2025-10-22T12:18:50,charlie.w,10.0.1.10,Success
2025-10-22T12:19:25,alice.p,10.0.1.23,Success
2025-10-22T12:19:45,bob.d,10.0.1.45,Success
2025-10-22T12:21:35,charlie.w,10.0.1.10,Success
2025-10-22T12:22:55,charlie.w,10.0.1.10,Success
2025-10-22T12:24:05,jane.s,10.0.1.55,Success
2025-10-22T12:24:10,jane.s,10.0.1.55,Success
2025-10-22T12:24:15,jane.s,10.0.1.55,Success
2025-10-22T12:24:50,bob.d,10.0.1.45,Success
2025-10-22T12:25:30,charlie.w,10.0.1.10,Success
2025-10-22T12:26:30,jane.s,10.0.1.55,Success
2025-10-22T12:26:35,charlie.w,10.0.1.10,Success
2025-10-22T12:27:15,jane.s,10.0.1.55,Success
2025-10-22T12:28:50,charlie.w,10.0.1.10,Success
2025-10-22T12:29:45,bob.d,10.0.1.45,Success
2025-10-22T12:30:25,jane.s,10.0.1.55,Success
2025-10-22T12:31:30,bob.d,10.0.1.45,Success
2025-10-22T12:33:05,charlie.w,10.0.1.10,Success
2025-10-22T12:34:25,bob.d,10.0.1.45,Success
2025-10-22T12:34:30,charlie.w,10.0.1.10,Success
2025-10-22T12:35:35,jane.s,10.0.1.55,Success
2025-10-22T12:37:45,charlie.w,10.0.1.10,Success
2025-10-22T12:38:05,bob.d,10.0.1.45,Success
2025-10-22T12:38:15,alice.p,10.0.1.23,Success
2025-10-22T12:39:00,bob.d,10.0.1.45,Success
2025-10-22T12:40:05,jane.s,10.0.1.55,Success
2025-10-22T12:40:30,alice.p,10.0.1.23,Success
2025-10-22T12:41:05,bob.d,10.0.1.45,Success
2025-10-22T12:42:15,bob.d,10.0.1.45,Success
2025-10-22T12:42:20,jane.s,10.0.1.55,Success
2025-10-22T12:43:05,bob.d,10.0.1.45,Success
2025-10-22T12:45:15,alice.p,10.0.1.23,Success
2025-10-22T12:46:25,bob.d,10.0.1.45,Success
2025-10-22T12:47:00,jane.s,10.0.1.55,Success
2025-10-22T12:47:55,jane.s,10.0.1.55,Success
2025-10-22T12:48:05,bob.d,10.0.1.45,Success
2025-10-22T12:48:40,charlie.w,10.0.1.10,Success
2025-10-22T12:48:45,jane.s,10.0.1.55,Success
2025-10-22T12:49:45,alice.p,10.0.1.23,Success
2025-10-22T12:50:25,charlie.w,10.0.1.10,Success
2025-10-22T12:51:55,alice.p,10.0.1.23,Success
2025-10-22T12:55:15,bob.d,10.0.1.45,Success
2025-10-22T12:56:10,jane.s,10.0.1.55,Success
2025-10-22T12:56:20,jane.s,10.0.1.55,Success
2025-10-22T12:57:25,alice.p,10.0.1.23,Success
2025-10-22T12:57:55,jane.s,10.0.1.55,Success
2025-10-22T12:58:15,bob.d,10.0.1.45,Success
2025-10-22T12:58:35,charlie.w,10.0.1.10,Success
2025-10-22T12:58:50,charlie.w,10.0.1.10,Success
2025-10-22T12:58:55,charlie.w,10.0.1.10,Success
2025-10-22T12:59:10,alice.p,10.0.1.23,Success
2025-10-22T13:00:05,alice.p,10.0.1.23,Success
2025-10-22T13:00:40,alice.p,10.0.1.23,Success
2025-10-22T13:00:50,charlie.w,10.0.1.10,Success
2025-10-22T13:02:40,charlie.w,10.0.1.10,Success
2025-10-22T13:05:10,jane.s,10.0.1.55,Success
2025-10-22T13:05:50,charlie.w,10.0.1.10,Success
2025-10-22T13:06:00,bob.d,10.0.1.45,Success
2025-10-22T13:06:05,jane.s,10.0.1.55,Success
2025-10-22T13:06:30,charlie.w,10.0.1.10,Success
2025-10-22T13:06:45,bob.d,10.0.1.45,Success
2025-10-22T13:08:50,alice.p,10.0.1.23,Success
2025-10-22T13:08:55,bob.d,10.0.1.45,Success
2025-10-22T13:09:25,alice.p,10.0.1.23,Success
2025-10-22T13:10:05,alice.p,10.0.1.23,Success
2025-10-22T13:11:25,jane.s,10.0.1.55,Success
2025-10-22T13:12:00,alice.p,10.0.1.23,Success
2025-10-22T13:12:40,charlie.w,10.0.1.10,Success
2025-10-22T13:13:35,jane.s,10.0.1.55,Success
2025-10-22T13:14:20,charlie.w,10.0.1.10,Success
2025-10-22T13:16:15,bob.d,10.0.1.45,Success
2025-10-22T13:17:50,bob.d,10.0.1.45,Success
2025-10-22T13:18:50,alice.p,10.0.1.23,Success
2025-10-22T13:19:00,bob.d,10.0.1.45,Success
2025-10-22T13:19:20,alice.p,10.0.1.23,Success
2025-10-22T13:21:15,alice.p,10.0.1.23,Success
2025-10-22T13:21:20,bob.d,10.0.1.45,Success
2025-10-22T13:21:35,charlie.w,10.0.1.10,Success
2025-10-22T13:21:50,alice.p,10.0.1.23,Success
2025-10-22T13:21:55,bob.d,10.0.1.45,Success
2025-10-22T13:24:10,bob.d,10.0.1.45,Success
2025-10-22T13:24:35,bob.d,10.0.1.45,Success
2025-10-22T13:26:10,charlie.w,10.0.1.10,Success
2025-10-22T13:26:50,jane.s,10.0.1.55,Success
2025-10-22T13:27:05,alice.p,10.0.1.23,Success
2025-10-22T13:27:40,charlie.w,10.0.1.10,Success
2025-10-22T13:27:55,bob.d,10.0.1.45,Success
2025-10-22T13:28:10,jane.s,10.0.1.55,Success
2025-10-22T13:29:05,jane.s,10.0.1.55,Success
2025-10-22T13:30:20,jane.s,10.0.1.55,Success
2025-10-22T13:31:15,alice.p,10.0.1.23,Success
2025-10-22T13:31:25,jane.s,10.0.1.55,Success
2025-10-22T13:33:20,bob.d,10.0.1.45,Success
2025-10-22T13:33:25,alice.p,10.0.1.23,Success
2025-10-22T13:34:10,bob.d,10.0.1.45,Success
2025-10-22T13:34:15,bob.d,10.0.1.45,Success
2025-10-22T13:37:35,bob.d,10.0.1.45,Success
2025-10-22T13:40:00,jane.s,10.0.1.55,Success
2025-10-22T13:40:35,jane.s,10.0.1.55,Success
2025-10-22T13:41:10,alice.p,10.0.1.23,Success
2025-10-22T13:41:40,bob.d,10.0.1.45,Success
2025-10-22T13:42:25,charlie.w,10.0.1.10,Success
2025-10-22T13:42:35,jane.s,10.0.1.55,Success
2025-10-22T13:42:50,charlie.w,10.0.1.10,Success
2025-10-22T13:43:25,bob.d,10.0.1.45,Success
2025-10-22T13:45:30,bob.d,10.0.1.45,Success
2025-10-22T13:47:05,bob.d,10.0.1.45,Success
2025-10-22T13:48:15,bob.d,10.0.1.45,Success
2025-10-22T13:48:45,alice.p,10.0.1.23,Success
2025-10-22T13:49:05,bob.d,10.0.1.45,Success
2025-10-22T13:51:15,bob.d,10.0.1.45,Success
2025-10-22T13:51:20,alice.p,10.0.1.23,Success
2025-10-22T13:53:35,alice.p,10.0.1.23,Success
2025-10-22T13:53:50,charlie.w,10.0.1.10,Success
2025-10-22T13:55:30,jane.s,10.0.1.55,Success
2025-10-22T13:55:40,alice.p,10.0.1.23,Success
2025-10-22T13:55:50,charlie.w,10.0.1.10,Success
2025-10-22T13:56:35,alice.p,10.0.1.23,Success
2025-10-22T13:58:40,alice.p,10.0.1.23,Success
2025-10-22T14:00:04,root,10.0.1.45,Failed Login
2025-10-22T14:00:19,admin,10.0.1.45,Failed Login
2025-10-22T14:00:03,charlie.w,10.0.1.45,Failed Login
2025-10-22T14:01:00,bob.d,10.0.1.45,Success
2025-10-22T14:03:00,alice.p,10.0.1.23,Success
2025-10-22T14:03:10,charlie.w,10.0.1.10,Success
2025-10-22T14:05:50,charlie.w,10.0.1.10,Success
2025-10-22T14:06:20,charlie.w,10.0.1.10,Success
2025-10-22T14:07:00,alice.p,10.0.1.23,Success
2025-10-22T14:07:30,jane.s,10.0.1.55,Success
2025-10-22T14:08:55,alice.p,10.0.1.23,Success
2025-10-22T14:09:35,bob.d,10.0.1.45,Success
2025-10-22T14:10:50,alice.p,10.0.1.23,Success
2025-10-22T14:11:05,charlie.w,10.0.1.10,Success
2025-10-22T14:11:50,charlie.w,10.0.1.10,Success
2025-10-22T14:12:15,bob.d,10.0.1.45,Success
2025-10-22T14:12:20,alice.p,10.0.1.23,Success
2025-10-22T14:12:35,bob.d,10.0.1.45,Success
2025-10-22T14:13:00,alice.p,10.0.1.23,Success
2025-10-22T14:17:05,bob.d,10.0.1.45,Success
2025-10-22T14:17:45,bob.d,10.0.1.45,Success
2025-10-22T14:17:50,alice.p,10.0.1.23,Success
2025-10-22T14:18:25,bob.d,10.0.1.45,Success
2025-10-22T14:19:30,charlie.w,10.0.1.10,Success
2025-10-22T14:20:05,charlie.w,10.0.1.10,Success
2025-10-22T14:20:35,bob.d,10.0.1.45,Success
2025-10-22T14:22:50,charlie.w,10.0.1.10,Success
2025-10-22T14:26:00,alice.p,10.0.1.23,Success
2025-10-22T14:26:20,alice.p,10.0.1.23,Success
2025-10-22T14:27:35,alice.p,10.0.1.23,Success
2025-10-22T14:31:25,jane.s,10.0.1.55,Success
2025-10-22T14:31:40,jane.s,10.0.1.55,Success
2025-10-22T14:33:25,bob.d,10.0.1.45,Success
2025-10-22T14:33:45,alice.p,10.0.1.23,Success
2025-10-22T14:34:25,alice.p,10.0.1.23,Success
2025-10-22T14:35:05,jane.s,10.0.1.55,Success
2025-10-22T14:37:05,charlie.w,10.0.1.10,Success
2025-10-22T14:38:05,alice.p,10.0.1.23,Success
2025-10-22T14:39:50,charlie.w,10.0.1.10,Success
2025-10-22T14:40:00,bob.d,10.0.1.45,Success
2025-10-22T14:40:50,bob.d,10.0.1.45,Success
2025-10-22T14:41:50,charlie.w,10.0.1.10,Success
2025-10-22T14:43:00,bob.d,10.0.1.45,Success
2025-10-22T14:43:05,alice.p,10.0.1.23,Success
2025-10-22T14:44:55,charlie.w,10.0.1.10,Success
2025-10-22T14:45:05,charlie.w,10.0.1.10,Success
2025-10-22T14:45:45,charlie.w,10.0.1.10,Success
2025-10-22T14:46:10,bob.d,10.0.1.45,Success
2025-10-22T14:46:35,alice.p,10.0.1.23,Success
2025-10-22T14:48:10,bob.d,10.0.1.45,Success
2025-10-22T14:48:15,alice.p,10.0.1.23,Success
2025-10-22T14:49:30,bob.d,10.0.1.45,Success
2025-10-22T14:49:50,jane.s,10.0.1.55,Success
2025-10-22T14:51:40,alice.p,10.0.1.23,Success
2025-10-22T14:52:15,jane.s,10.0.1.55,Success
2025-10-22T14:52:55,jane.s,10.0.1.55,Success
2025-10-22T14:53:55,jane.s,10.0.1.55,Success
2025-10-22T14:57:05,bob.d,10.0.1.45,Success
2025-10-22T14:57:25,alice.p,10.0.1.23,Success
2025-10-22T14:58:55,bob.d,10.0.1.45,Success
2025-10-22T14:59:40,bob.d,10.0.1.45,Success
2025-10-22T15:00:35,alice.p,10.0.1.23,Success
2025-10-22T15:01:05,bob.d,10.0.1.45,Success
2025-10-22T15:02:05,bob.d,10.0.1.45,Success
2025-10-22T15:03:40,jane.s,10.0.1.55,Success
2025-10-22T15:04:00,jane.s,10.0.1.55,Success
2025-10-22T15:05:40,charlie.w,10.0.1.10,Success
2025-10-22T15:05:50,alice.p,10.0.1.23,Success
2025-10-22T15:06:20,bob.d,10.0.1.45,Success
2025-10-22T15:07:00,charlie.w,10.0.1.10,Success
2025-10-22T15:07:30,charlie.w,10.0.1.10,Success
2025-10-22T15:07:45,charlie.w,10.0.1.10,Success
2025-10-22T15:08:00,charlie.w,10.0.1.10,Success
2025-10-22T15:08:05,jane.s,10.0.1.55,Success
2025-10-22T15:10:35,charlie.w,10.0.1.10,Success
2025-10-22T15:10:50,charlie.w,10.0.1.10,Success
2025-10-22T15:12:20,charlie.w,10.0.1.10,Success
2025-10-22T15:12:30,charlie.w,10.0.1.10,Success
2025-10-22T15:15:15,jane.s,10.0.1.55,Success
2025-10-22T15:17:00,bob.d,10.0.1.45,Success
2025-10-22T15:18:10,bob.d,10.0.1.45,Success
2025-10-22T15:19:45,bob.d,10.0.1.45,Success
2025-10-22T15:20:20,jane.s,10.0.1.55,Success
2025-10-22T15:21:55,alice.p,10.0.1.23,Success
2025-10-22T15:22:15,jane.s,10.0.1.55,Success
2025-10-22T15:23:20,charlie.w,10.0.1.10,Success
2025-10-22T15:24:50,charlie.w,10.0.1.10,Success
2025-10-22T15:25:05,jane.s,10.0.1.55,Success
2025-10-22T15:26:45,alice.p,10.0.1.23,Success
2025-10-22T15:26:50,alice.p,10.0.1.23,Success
2025-10-22T15:28:30,alice.p,10.0.1.23,Success
2025-10-22T15:29:00,jane.s,10.0.1.55,Success
2025-10-22T15:29:05,bob.d,10.0.1.45,Success
2025-10-22T15:32:25,charlie.w,10.0.1.10,Success
2025-10-22T15:33:30,jane.s,10.0.1.55,Success
2025-10-22T15:33:45,alice.p,10.0.1.23,Success
2025-10-22T15:34:15,charlie.w,10.0.1.10,Success
2025-10-22T15:34:35,jane.s,10.0.1.55,Success
2025-10-22T15:34:55,charlie.w,10.0.1.10,Success
2025-10-22T15:35:05,bob.d,10.0.1.45,Success
2025-10-22T15:35:40,jane.s,10.0.1.55,Success
2025-10-22T15:35:55,bob.d,10.0.1.45,Success
2025-10-22T15:36:00,alice.p,10.0.1.23,Success
2025-10-22T15:36:10,jane.s,10.0.1.55,Success
2025-10-22T15:37:00,alice.p,10.0.1.23,Success
2025-10-22T15:37:25,charlie.w,10.0.1.10,Success
2025-10-22T15:42:40,bob.d,10.0.1.45,Success
2025-10-22T15:43:40,charlie.w,10.0.1.10,Success
2025-10-22T15:43:55,alice.p,10.0.1.23,Success
2025-10-22T15:45:20,alice.p,10.0.1.23,Success
2025-10-22T15:45:25,jane.s,10.0.1.55,Success
2025-10-22T15:45:40,charlie.w,10.0.1.10,Success
2025-10-22T15:46:45,bob.d,10.0.1.45,Success
2025-10-22T15:49:50,jane.s,10.0.1.55,Success
2025-10-22T15:50:00,bob.d,10.0.1.45,Success
2025-10-22T15:50:25,charlie.w,10.0.1.10,Success
2025-10-22T15:50:30,bob.d,10.0.1.45,Success
2025-10-22T15:52:05,jane.s,10.0.1.55,Success
2025-10-22T15:53:15,alice.p,10.0.1.23,Success
2025-10-22T15:53:40,bob.d,10.0.1.45,Success
2025-10-22T15:53:45,charlie.w,10.0.1.10,Success
2025-10-22T15:54:10,jane.s,10.0.1.55,Success
2025-10-22T15:57:30,bob.d,10.0.1.45,Success
2025-10-22T15:58:25,charlie.w,10.0.1.10,Success
2025-10-22T15:58:35,alice.p,10.0.1.23,Success
2025-10-22T15:59:25,alice.p,10.0.1.23,Success
2025-10-22T15:59:50,jane.s,10.0.1.55,Success